{
    "name": "root",
    "metadata": {
        "timer_format_version": "0.1.0",
        "start_time_seconds": "1710862954",
        "python_version": "3.9.13 (tags/v3.9.13:6de2ca5, May 17 2022, 16:36:42) [MSC v.1929 64 bit (AMD64)]",
        "command_line_arguments": "C:\\UnityRepos\\ML_AGENTS_1\\venv\\Scripts\\mlagents-learn --run-id=Test1",
        "mlagents_version": "0.30.0",
        "mlagents_envs_version": "0.30.0",
        "communication_protocol_version": "1.5.0",
        "pytorch_version": "2.2.1+cpu",
        "numpy_version": "1.21.2",
        "end_time_seconds": "1710863115"
    },
    "total": 161.5177951,
    "count": 1,
    "self": 0.012246900000008054,
    "children": {
        "run_training.setup": {
            "total": 0.17677489999999985,
            "count": 1,
            "self": 0.17677489999999985
        },
        "TrainerController.start_learning": {
            "total": 161.3287733,
            "count": 1,
            "self": 0.07892469999936225,
            "children": {
                "TrainerController._reset_env": {
                    "total": 56.073451500000004,
                    "count": 1,
                    "self": 56.073451500000004
                },
                "TrainerController.advance": {
                    "total": 104.84383900000063,
                    "count": 3235,
                    "self": 0.07120250000090778,
                    "children": {
                        "env_step": {
                            "total": 104.35465899999994,
                            "count": 3235,
                            "self": 101.01450709999983,
                            "children": {
                                "SubprocessEnvManager._take_step": {
                                    "total": 3.287904900000349,
                                    "count": 3235,
                                    "self": 0.27009040000039874,
                                    "children": {
                                        "TorchPolicy.evaluate": {
                                            "total": 3.0178144999999503,
                                            "count": 3217,
                                            "self": 3.0178144999999503
                                        }
                                    }
                                },
                                "workers": {
                                    "total": 0.052246999999766786,
                                    "count": 3234,
                                    "self": 0.0,
                                    "children": {
                                        "worker_root": {
                                            "total": 42.28781420000021,
                                            "count": 3234,
                                            "is_parallel": true,
                                            "self": 11.024153200000441,
                                            "children": {
                                                "steps_from_proto": {
                                                    "total": 0.008221499999997661,
                                                    "count": 1,
                                                    "is_parallel": true,
                                                    "self": 0.00039360000000243645,
                                                    "children": {
                                                        "_process_rank_one_or_two_observation": {
                                                            "total": 0.007827899999995225,
                                                            "count": 2,
                                                            "is_parallel": true,
                                                            "self": 0.007827899999995225
                                                        }
                                                    }
                                                },
                                                "UnityEnvironment.step": {
                                                    "total": 31.255439499999774,
                                                    "count": 3234,
                                                    "is_parallel": true,
                                                    "self": 0.37265580000020293,
                                                    "children": {
                                                        "UnityEnvironment._generate_step_input": {
                                                            "total": 0.35489749999970854,
                                                            "count": 3234,
                                                            "is_parallel": true,
                                                            "self": 0.35489749999970854
                                                        },
                                                        "communicator.exchange": {
                                                            "total": 29.596721699999662,
                                                            "count": 3234,
                                                            "is_parallel": true,
                                                            "self": 29.596721699999662
                                                        },
                                                        "steps_from_proto": {
                                                            "total": 0.9311645000002002,
                                                            "count": 3234,
                                                            "is_parallel": true,
                                                            "self": 0.45321190000012024,
                                                            "children": {
                                                                "_process_rank_one_or_two_observation": {
                                                                    "total": 0.47795260000008,
                                                                    "count": 6468,
                                                                    "is_parallel": true,
                                                                    "self": 0.47795260000008
                                                                }
                                                            }
                                                        }
                                                    }
                                                }
                                            }
                                        }
                                    }
                                }
                            }
                        },
                        "trainer_advance": {
                            "total": 0.41797749999977185,
                            "count": 3234,
                            "self": 0.09657379999939764,
                            "children": {
                                "process_trajectory": {
                                    "total": 0.3214037000003742,
                                    "count": 3234,
                                    "self": 0.3214037000003742
                                }
                            }
                        }
                    }
                },
                "TrainerController._save_models": {
                    "total": 0.33255809999999997,
                    "count": 1,
                    "self": 4.010000000675973e-05,
                    "children": {
                        "RLTrainer._checkpoint": {
                            "total": 0.3325179999999932,
                            "count": 1,